id,first_name,last_name,email,gender,ip_address
1,Ilario,Shillabear,ishillabear0@earthlink.net,Male,70.222.226.32
2,Christen,Paxforde,cpaxforde1@goo.gl,Female,46.231.84.8
3,Graehme,Udey,gudey2@digg.com,Male,211.233.119.4
4,Rand,Olivas,rolivas3@hao123.com,Male,8.73.153.249
5,Nilson,Habbon,nhabbon4@squarespace.com,Male,154.75.246.86
6,Sergio,Peasgood,speasgood5@4shared.com,Male,163.96.208.226
7,Winne,Raddon,wraddon6@nhs.uk,Female,222.153.87.58
8,Antonietta,MacCleay,amaccleay7@cafepress.com,Female,129.223.88.231
9,Briggs,Antonijevic,bantonijevic8@java.com,Male,49.4.237.243
10,appwell,Deans,rdeans9@amazon.de,Male,169.137.44.215
11,Glyn,Laxson,glaxsona@myspace.com,Male,16.97.214.240
12,Lowe,Lesor,llesorb@toplist.cz,Male,33.116.132.84
13,Rutter,Pobjoy,rpobjoyc@bloglovin.com,Male,4.49.209.206
14,Terencio,Nussgen,tnussgend@usatoday.com,Male,98.74.4.169
15,Neron,Guidotti,nguidottie@cargocollective.com,Male,47.167.16.58
16,Meggi,Raitt,mraittf@cdbaby.com,Female,165.169.95.254
17,Marion,Dawdary,mdawdaryg@tripadvisor.com,Female,88.251.250.236
18,Griffith,Eakle,geakleh@imageshack.us,Agender,72.179.13.245
19,Sandy,Renwick,srenwicki@usda.gov,Male,13.122.163.188
20,Faye,Winkell,fwinkellj@spotify.com,Non-binary,39.19.167.184
21,Mela,Farnill,mfarnillk@weebly.com,Female,211.28.1.60
22,Kimberlyn,Hecks,khecksl@oracle.com,Female,249.172.87.107
23,Abie,Walton,awaltonm@uiuc.edu,Male,150.14.18.139
24,Stephannie,Pyrton,spyrtonn@cisco.com,Female,79.194.205.221
25,Lorne,Yurshev,lyurshevo@posterous.com,Bigender,135.222.54.64
26,Cass,McKeon,cmckeonp@army.mil,Male,64.240.4.48
27,Albie,Waszczykowski,awaszczykowskiq@admin.ch,Male,141.172.60.140
28,Kyle,Merryman,kmerrymanr@pcworld.com,Female,31.72.65.86
29,Grange,Yesinov,gyesinovs@cnet.com,Male,151.72.57.23
30,Jeno,Orae,joraet@edublogs.org,Male,86.204.227.120
31,Cyndia,Chittim,cchittimu@simplemachines.org,Female,53.32.188.206
32,Rustin,Fairhurst,rfairhurstv@boston.com,Male,159.103.207.213
33,Dulci,Jager,djagerw@goo.gl,Bigender,7.87.70.123
34,Thibaud,Bukac,tbukacx@acquirethisname.com,Male,137.158.167.243
35,Wolfie,Andres,wandresy@weather.com,Male,136.208.12.38
36,Jedediah,Klement,jklementz@gov.uk,Bigender,67.140.201.75
37,Ashlan,Drinkall,adrinkall10@amazon.com,Female,241.124.254.109
38,Alexina,Showt,ashowt11@cam.ac.uk,Bigender,74.120.78.213
39,Lauretta,Durrand,ldurrand12@japanpost.jp,Female,101.60.153.246
40,Rabi,Vassman,rvassman13@people.com.cn,Male,58.135.255.8
41,Natalie,O'Sculley,nosculley14@uiuc.edu,Female,39.117.2.217
42,Kayla,Byram,kbyram15@ask.com,Female,153.161.233.189
43,Zeke,Shildrake,zshildrake16@Jigem.jp,Male,154.24.37.113
44,Abbie,Baily,abaily17@odnoklassniki.ru,Female,249.95.175.99
45,James,Ikringill,jikringill18@unc.edu,Male,6.184.11.216
46,Car,Cheyne,ccheyne19@comsenz.com,Male,154.225.170.174
47,Pooh,Zamorrano,pzamorrano1a@sfgate.com,Female,164.143.19.252
48,Sharleen,Dolman,sdolman1b@arizona.edu,Female,247.239.19.66
49,Nicholas,Nys,nnys1c@hugedomains.com,Bigender,52.73.33.222
50,Freedman,McFetridge,fmcfetridge1d@mlb.com,Male,133.95.168.63
51,Helaina,Matteini,hmatteini1e@ihg.com,Female,64.127.70.210
52,Marshall,Horsley,mhorsley1f@i2i.jp,Male,61.198.103.10
53,Anderea,Shubotham,ashubotham1g@msu.edu,Female,139.94.131.156
54,Launce,Wateridge,lwateridge1h@edublogs.org,Male,116.135.182.115
55,Walden,Keese,wkeese1i@elpais.com,Male,144.162.104.27
56,Alvan,Nannini,anannini1j@symantec.com,Male,22.87.40.57
57,Manda,Wivell,mwivell1k@twitpic.com,Genderfluid,227.152.238.224
58,Jacquie,Nimmo,jnimmo1l@buzzfeed.com,Female,87.123.202.17
59,Lindsay,Shalcros,lshalcros1m@google.com.hk,Male,48.7.59.14
60,Tamar,Saltmarsh,tsaltmarsh1n@aboutads.info,Female,245.129.142.252
61,Morganne,Agerskow,magerskow1o@wordpress.com,Female,113.14.107.193
62,Terence,Gohn,tgohn1p@nymag.com,Male,165.127.124.238
63,Patten,Crippin,pcrippin1q@i2i.jp,Male,42.5.88.48
64,Stesha,Virgoe,svirgoe1r@geocities.com,Female,231.202.222.238
65,Lester,Gringley,lgringley1s@dion.ne.jp,Male,245.20.127.25
66,Emmalyn,De Antoni,edeantoni1t@gizmodo.com,Female,200.5.172.19
67,Ive,Slocom,islocom1u@yelp.com,Male,195.31.87.142
68,Carolan,Carney,ccarney1v@accuweather.com,Female,247.150.208.232
69,Cedric,Oakhill,coakhill1w@acquirethisname.com,Male,213.93.162.56
70,Penelopa,Pauluzzi,ppauluzzi1x@github.io,Female,101.61.231.131
71,Alva,Vellacott,avellacott1y@people.com.cn,Bigender,245.214.66.61
72,Kit,Gillott,kgillott1z@techcrunch.com,Female,92.52.245.52
73,Bone,Wendover,bwendover20@delicious.com,Male,200.133.246.231
74,Banky,Eallis,beallis21@vkontakte.ru,Male,226.226.207.250
75,Gayel,Lyst,glyst22@e-recht24.de,Female,240.158.133.228
76,Yolanthe,Dolbey,ydolbey23@walmart.com,Female,222.249.173.194
77,Gretel,Guitel,gguitel24@examiner.com,Female,246.84.242.28
78,Sharity,Montier,smontier25@pcworld.com,Female,48.175.123.119
79,Laurene,Wellstood,lwellstood26@vistaprint.com,Female,84.239.71.248
80,Gualterio,Colton,gcolton27@wix.com,Male,230.180.210.102
81,Sibel,Rudiger,srudiger28@clickbank.net,Female,220.159.46.94
82,Georas,Quinn,gquinn29@epa.gov,Male,195.91.128.234
83,Brianne,Beadell,bbeadell2a@ovh.net,Female,199.124.34.71
84,Hettie,Walkey,hwalkey2b@newyorker.com,Female,236.222.222.196
85,Simonne,Bollins,sbollins2c@statcounter.com,Genderfluid,220.26.64.102
86,Debera,Forestel,dforestel2d@alexa.com,Female,28.222.14.227
87,Leslie,Capeloff,lcapeloff2e@ask.com,Male,4.59.69.61
88,Arliene,Blackster,ablackster2f@marriott.com,Female,224.104.253.44
89,Fiann,Gullefant,fgullefant2g@mediafire.com,Female,78.218.144.2
90,Giffie,Harrold,gharrold2h@live.com,Male,224.51.23.83
91,Pen,Hymers,phymers2i@ted.com,Male,189.44.151.225
92,Elbertina,Chatin,echatin2j@nhs.uk,Female,248.82.195.229
93,Gabey,Lantaff,glantaff2k@who.int,Female,126.133.110.189
94,Tamera,Dorrell,tdorrell2l@timesonline.co.uk,Female,183.63.148.195
95,Elisha,Beilby,ebeilby2m@etsy.com,Female,48.193.99.94
96,Nikolaos,Konzel,nkonzel2n@examiner.com,Male,189.203.153.104
97,Rolf,Chaloner,rchaloner2o@usatoday.com,Polygender,102.194.190.107
98,Rudolph,Jehu,rjehu2p@tumblr.com,Male,123.244.211.112
99,Prissie,Grimston,pgrimston2q@plala.or.jp,Female,200.194.7.124
100,Felike,Keyhoe,fkeyhoe2r@reddit.com,Male,19.220.251.121
101,Paulie,Codeman,pcodeman2s@alibaba.com,Male,23.191.120.63
102,Darb,Bracey,dbracey2t@yolasite.com,Male,130.255.29.22
103,Sawyere,Vivash,svivash2u@bbb.org,Male,163.207.196.109
104,Leela,Davinet,ldavinet2v@dmoz.org,Female,92.52.29.95
105,Christine,Trinke,ctrinke2w@illinois.edu,Female,89.95.9.88
106,Darcee,Lawranson,dlawranson2x@multiply.com,Female,107.85.34.164
107,Lavinia,Gorbell,lgorbell2y@harvard.edu,Female,0.188.59.40
108,Noami,Atherton,natherton2z@squidoo.com,Female,78.208.218.75
109,Aldo,Hellcat,ahellcat30@taobao.com,Non-binary,47.53.32.198
110,Cornelius,Kelson,ckelson31@sfgate.com,Male,160.164.172.101
111,Henryetta,Avieson,havieson32@clickbank.net,Female,124.41.228.179
112,Allayne,Urien,aurien33@cargocollective.com,Male,83.159.195.238
113,Ulrick,Felten,ufelten34@npr.org,Male,176.63.153.74
114,Susy,Dunkerly,sdunkerly35@sphinn.com,Female,163.210.219.84
115,Katrinka,Parmley,kparmley36@vk.com,Genderqueer,69.235.233.191
116,Chip,Gallihaulk,cgallihaulk37@123-reg.co.uk,Male,180.75.134.211
117,Godart,Gerritsma,ggerritsma38@goo.gl,Male,8.204.207.97
118,Cherish,Paulich,cpaulich39@rediff.com,Female,212.29.162.63
119,Marylynne,Auton,mauton3a@harvard.edu,Bigender,255.219.235.44
120,Dalli,Worlidge,dworlidge3b@myspace.com,Male,92.112.115.47
121,Brandy,Dulany,bdulany3c@google.it,Female,255.83.65.122
122,Brooks,Madill,bmadill3d@ovh.net,Male,145.225.254.55
123,Theodoric,Tritton,ttritton3e@histats.com,Male,167.207.109.121
124,Gaile,Saggs,gsaggs3f@pen.io,Male,241.232.22.181
125,Dani,Samudio,dsamudio3g@ca.gov,Female,68.148.142.155
126,Quinlan,McCallister,qmccallister3h@alexa.com,Male,245.7.170.84
127,Hewie,Aspinal,haspinal3i@kickstarter.com,Male,97.248.215.23
128,Jacobo,Cosgry,jcosgry3j@wiley.com,Non-binary,246.80.7.78
129,Karyl,Gallo,kgallo3k@plala.or.jp,Female,182.181.252.191
130,Enrico,Callum,ecallum3l@Jigem.jp,Male,134.204.228.97
131,Kassey,Pullman,kpullman3m@engadget.com,Female,52.135.250.11
132,Alameda,Ordelt,aordelt3n@google.com.au,Female,8.155.24.125
133,Theobald,Leagas,tleagas3o@free.fr,Male,206.243.148.198
134,Donny,Oak,doak3p@bing.com,Female,190.73.148.150
135,Ellene,Biffin,ebiffin3q@timesonline.co.uk,Female,115.21.151.218
136,Freddie,Makepeace,fmakepeace3r@goo.ne.jp,Male,8.22.52.120
137,Ronica,O'Fallowne,rofallowne3s@latimes.com,Female,172.122.188.186
138,Winonah,Brobak,wbrobak3t@answers.com,Female,64.160.127.131
139,Edna,Hazeldene,ehazeldene3u@census.gov,Female,207.160.225.202
140,Dev,Ranyard,dranyard3v@ehow.com,Male,166.53.129.97
141,Royall,Donaghy,rdonaghy3w@yellowpages.com,Male,255.40.132.17
142,Dollie,Morch,dmorch3x@photobucket.com,Female,71.195.110.27
143,Lazare,Lowsely,llowsely3y@sciencedirect.com,Male,185.94.95.216
144,Sly,Bilbey,sbilbey3z@state.tx.us,Polygender,161.232.242.104
145,Alberto,Aspenlon,aaspenlon40@istockphoto.com,Male,76.167.6.47
146,Beth,Sidebotton,bsidebotton41@hugedomains.com,Bigender,102.68.79.218
147,Udale,Espinos,uespinos42@photobucket.com,Male,27.226.15.88
148,Elianora,Belone,ebelone43@google.ca,Female,192.200.86.132
149,Orion,Matschoss,omatschoss44@hibu.com,Male,207.170.58.207
150,Teddie,Harley,tharley45@ucla.edu,Female,175.95.76.62
151,Moss,Fawdrie,mfawdrie46@unicef.org,Male,247.85.5.29
152,Moshe,Gregorowicz,mgregorowicz47@boston.com,Male,111.90.222.208
153,Adolphus,Jennemann,ajennemann48@printfriendly.com,Male,199.236.114.111
154,Aksel,Darbon,adarbon49@godaddy.com,Agender,254.83.122.248
155,Jerome,Stobbart,jstobbart4a@sakura.ne.jp,Genderfluid,180.241.160.109
156,Chip,Leethem,cleethem4b@chron.com,Male,155.204.187.97
157,Florinda,Dobby,fdobby4c@blogspot.com,Female,13.238.219.133
158,Alfredo,Dymond,adymond4d@engadget.com,Male,102.163.27.27
159,Booth,Podmore,bpodmore4e@cbc.ca,Male,161.155.224.132
160,Jid,Elverstone,jelverstone4f@scientificamerican.com,Bigender,130.192.77.96
161,Shay,Brewse,sbrewse4g@dyndns.org,Non-binary,173.100.168.42
162,Neel,Dalmon,ndalmon4h@oaic.gov.au,Male,28.122.80.176
163,Steffen,Wittke,swittke4i@army.mil,Agender,133.116.53.77
164,Carolina,Tandy,ctandy4j@skyapp.com,Female,124.35.162.28
165,Alexei,Carstairs,acarstairs4k@google.es,Male,170.35.185.125
166,Kelly,Mattingley,kmattingley4l@dmoz.org,Male,196.234.59.1
167,Sandy,Pedwell,spedwell4m@moonfruit.com,Female,239.163.13.6
168,Gwyn,Pierpoint,gpierpoint4n@dion.ne.jp,Female,0.159.123.131
169,Anallese,Berzons,aberzons4o@ibm.com,Female,161.50.106.242
170,Kylynn,Kohn,kkohn4p@over-blog.com,Female,208.169.27.152
171,Anatollo,Haugeh,ahaugeh4q@tmall.com,Male,5.117.106.93
172,Mollie,Houdhury,mhoudhury4r@de.vu,Female,70.22.74.195
173,Obie,Barensky,obarensky4s@sciencedirect.com,Male,57.161.198.151
174,Eric,Cuerdale,ecuerdale4t@patch.com,Genderfluid,182.167.214.15
175,Therine,Siemandl,tsiemandl4u@rediff.com,Female,51.173.174.240
176,Holden,Whifen,hwhifen4v@scientificamerican.com,Agender,248.99.97.236
177,Stevy,Lowdiane,slowdiane4w@multiply.com,Male,98.97.168.2
178,Aarika,Tromans,atromans4x@tuttocitta.it,Female,7.209.183.106
179,Esteban,Di Franceschi,edifranceschi4y@vinaora.com,Male,195.29.81.134
180,Charlie,Denver,cdenver4z@nationalgeographic.com,Male,90.134.157.72
181,Shaughn,Payfoot,spayfoot50@discuz.net,Male,38.85.234.224
182,Penni,Simonini,psimonini51@nydailynews.com,Female,124.173.208.45
183,Rosy,Bertrand,rbertrand52@si.edu,Female,30.73.226.7
184,Donnajean,Shadbolt,dshadbolt53@cnbc.com,Female,200.76.90.132
185,Lari,Algar,lalgar54@arstechnica.com,Female,9.241.8.66
186,Domenico,Schuricke,dschuricke55@skype.com,Male,144.166.53.103
187,La verne,Wortt,lwortt56@bandcamp.com,Female,177.144.211.222
188,Benoit,Grey,bgrey57@mozilla.com,Genderfluid,96.132.134.56
189,Dawna,Yurinov,dyurinov58@nih.gov,Female,247.14.136.13
190,Jim,Jarlmann,jjarlmann59@google.es,Male,227.191.132.12
191,Herby,Harsum,hharsum5a@gnu.org,Genderqueer,36.35.221.172
192,Vanessa,Sidnell,vsidnell5b@liveinternet.ru,Female,62.206.39.146
193,Adelice,Wethered,awethered5c@marketwatch.com,Female,39.163.116.10
194,Odelinda,O'Halligan,oohalligan5d@sciencedirect.com,Female,46.101.146.241
195,Wiley,Waterstone,wwaterstone5e@bloglovin.com,Bigender,185.19.107.5
196,Luciano,Bellee,lbellee5f@ox.ac.uk,Male,188.202.35.119
197,Twila,Knott,tknott5g@delicious.com,Female,77.155.108.0
198,Karla,Skeels,kskeels5h@springer.com,Female,181.11.75.90
199,Odey,Vouls,ovouls5i@cbslocal.com,Male,16.254.172.148
200,Krista,MacCafferty,kmaccafferty5j@google.com.hk,Female,156.46.35.111
201,Gert,Coffin,gcoffin5k@mlb.com,Female,215.141.47.202
202,Aime,Jirisch,aJirisch5l@yale.edu,Female,205.82.241.136
203,Shani,Heibl,sheibl5m@yahoo.com,Female,170.91.119.85
204,Merrili,Hadkins,mhadkins5n@cocolog-nifty.com,Female,221.6.173.255
205,Albina,Deluca,adeluca5o@chron.com,Female,91.205.223.227
206,Kamillah,Bussel,kbussel5p@shutterfly.com,Female,58.33.163.77
207,Chevalier,Hercock,chercock5q@artisteer.com,Male,112.137.45.39
208,Kynthia,Acosta,kacosta5r@europa.eu,Female,7.53.3.228
209,Lucy,Wallicker,lwallicker5s@cocolog-nifty.com,Female,217.214.194.26
210,Carlin,Start,cstart5t@disqus.com,Male,200.184.133.245
211,Tomasina,Phare,tphare5u@networksolutions.com,Female,240.208.148.147
212,Lester,Fleming,lfleming5v@about.me,Male,119.221.141.232
213,Jaye,Pizer,jpizer5w@hp.com,Male,152.106.147.67
214,Adair,Dabling,adabling5x@addtoany.com,Male,154.108.24.235
215,Trudey,Teaser,tteaser5y@friendfeed.com,Female,156.101.50.137
216,Dare,Oran,doran5z@timesonline.co.uk,Male,226.119.44.194
217,Barthel,Manicomb,bmanicomb60@feedburner.com,Male,202.225.150.194
218,Helenka,Riseborough,hriseborough61@dmoz.org,Female,62.141.139.14
219,Alvina,Voden,avoden62@merriam-webster.com,Female,83.163.222.204
220,Melba,Mora,mmora63@businessinsider.com,Female,159.76.134.243
221,David,Matthias,dmatthias64@go.com,Bigender,63.124.84.132
222,Lisbeth,Wallwood,lwallwood65@blogger.com,Female,102.160.236.77
223,Celestyna,Skingle,cskingle66@prlog.org,Female,15.86.80.65
224,Nellie,Keilty,nkeilty67@timesonline.co.uk,Female,188.28.242.219
225,Gregoire,Snare,gsnare68@unblog.fr,Male,173.207.54.27
226,Candace,Harridge,charridge69@deviantart.com,Female,76.108.58.17
227,Codie,Goodge,cgoodge6a@tiny.cc,Non-binary,139.133.106.225
228,Clyve,Knellen,cknellen6b@ifeng.com,Male,101.69.37.241
229,Emmit,Duckerin,educkerin6c@blinklist.com,Male,62.116.94.212
230,Calv,Yeowell,cyeowell6d@reddit.com,Male,18.214.53.134
231,Eddi,Kinner,ekinner6e@ed.gov,Genderfluid,75.140.0.54
232,Andree,Decker,adecker6f@mysql.com,Female,222.181.108.183
233,Woody,Sansom,wsansom6g@narod.ru,Male,199.19.78.41
234,Cordi,Glisenan,cglisenan6h@tumblr.com,Female,244.60.25.147
235,Gerrie,Morewood,gmorewood6i@pcworld.com,Male,132.58.94.201
236,Stanislas,Mailey,smailey6j@imageshack.us,Male,172.63.160.122
237,Kenny,Mottershaw,kmottershaw6k@weather.com,Male,18.101.148.145
238,Dav,Lusgdin,dlusgdin6l@merriam-webster.com,Male,71.71.212.84
239,Aldric,Kendrick,akendrick6m@fc2.com,Male,150.35.77.118
240,Aloin,Grimsey,agrimsey6n@marriott.com,Male,133.40.37.234
241,Micki,Hymas,mhymas6o@ameblo.jp,Female,17.204.198.16
242,Abner,Britt,abritt6p@businessweek.com,Genderqueer,73.27.110.253
243,Mayne,Labuschagne,mlabuschagne6q@trellian.com,Male,27.91.198.43
244,Betty,Chapleo,bchapleo6r@nih.gov,Female,250.5.137.11
245,Tatiania,Armiger,tarmiger6s@vinaora.com,Polygender,225.100.227.243
246,Amelita,Pottell,apottell6t@posterous.com,Agender,185.251.68.245
247,Annissa,Phillipp,aphillipp6u@miitbeian.gov.cn,Genderqueer,20.222.162.177
248,Norry,Cornelius,ncornelius6v@unc.edu,Male,15.234.2.250
249,Dulcine,Barczynski,dbarczynski6w@icio.us,Female,123.74.175.200
250,Mattias,Raymen,mraymen6x@paginegialle.it,Male,238.134.178.119
251,Tricia,Hammerberger,thammerberger6y@xrea.com,Female,228.15.188.103
252,Paulo,Vaadeland,pvaadeland6z@sogou.com,Bigender,247.235.233.107
253,Lock,Furst,lfurst70@cbslocal.com,Male,169.86.104.107
254,Dick,Labroue,dlabroue71@xrea.com,Male,201.230.93.19
255,Stevana,Muckleston,smuckleston72@godaddy.com,Female,170.11.196.229
256,Leann,Andras,landras73@uiuc.edu,Female,22.107.4.57
257,Jacqui,Fairpool,jfairpool74@goodreads.com,Female,241.99.220.67
258,Leeland,Gurnell,lgurnell75@usa.gov,Male,109.234.0.216
259,Ava,Ranyelld,aranyelld76@un.org,Female,241.18.204.146
260,Park,Swaite,pswaite77@uiuc.edu,Male,13.12.252.13
261,Evan,Folomkin,efolomkin78@meetup.com,Male,197.49.221.86
262,Blanch,Hurdman,bhurdman79@cyberchimps.com,Female,217.212.155.57
263,Ludwig,Wenderott,lwenderott7a@cbslocal.com,Male,20.174.239.167
264,Olva,Ciubutaro,ociubutaro7b@google.com.hk,Female,217.174.187.224
265,Fremont,Dewane,fdewane7c@mysql.com,Male,107.193.234.62
266,Pat,MacKeogh,pmackeogh7d@dyndns.org,Male,29.147.115.199
267,Kevina,Dougal,kdougal7e@csmonitor.com,Female,143.53.252.189
268,Jilia,Mayor,jmayor7f@google.de,Genderqueer,143.66.41.71
269,Vivien,Garside,vgarside7g@canalblog.com,Female,87.104.187.216
270,Audie,Posselow,aposselow7h@scientificamerican.com,Female,62.62.177.178
271,Cindee,Eisikowitz,ceisikowitz7i@toplist.cz,Female,196.197.192.73
272,Jorge,Larkkem,jlarkkem7j@mail.ru,Male,113.88.99.152
273,Washington,Hurll,whurll7k@exblog.jp,Male,254.249.73.112
274,Jessica,Chesterfield,jchesterfield7l@rakuten.co.jp,Female,100.73.224.165
275,Findlay,Outright,foutright7m@yahoo.com,Male,142.193.255.28
276,Erda,Lugg,elugg7n@ezinearticles.com,Female,133.232.155.81
277,Sidnee,Labro,slabro7o@un.org,Male,92.246.71.230
278,Pierette,Kochlin,pkochlin7p@bbb.org,Female,123.232.173.190
279,Betteanne,Cochet,bcochet7q@myspace.com,Female,211.201.81.76
280,Tedda,Van T'Hoog,tvanthoog7r@yale.edu,Female,117.163.27.145
281,Arlyn,Cuttle,acuttle7s@apple.com,Female,124.58.217.196
282,Blaire,Cumpton,bcumpton7t@networkadvertising.org,Female,200.241.104.16
283,Clare,Cheine,ccheine7u@icq.com,Male,15.143.150.226
284,Suzie,Inston,sinston7v@dyndns.org,Female,215.39.143.192
285,Jakie,Kneeshaw,jkneeshaw7w@uiuc.edu,Male,53.76.23.17
286,Arley,Snell,asnell7x@com.com,Male,1.214.84.198
287,Gaylord,Franey,gfraney7y@hexun.com,Male,124.60.35.180
288,Kerk,Ealden,kealden7z@reuters.com,Male,100.203.76.249
289,Vonnie,Puddicombe,vpuddicombe80@dailymail.co.uk,Polygender,138.170.201.220
290,Lucien,Pleaden,lpleaden81@nytimes.com,Male,242.42.217.162
291,Crin,Rivaland,crivaland82@indiegogo.com,Female,134.186.51.197
292,Reynolds,Wenban,rwenban83@yellowpages.com,Male,125.135.125.210
293,Suzanne,Wilsey,swilsey84@photobucket.com,Female,84.223.121.5
294,Mil,Skellon,mskellon85@pinterest.com,Female,102.71.201.176
295,Jasun,Fernehough,jfernehough86@indiatimes.com,Male,81.103.157.134
296,Lincoln,Pyecroft,lpyecroft87@ucoz.ru,Male,52.23.65.110
297,Erhard,Ricart,ericart88@quantcast.com,Agender,232.51.75.89
298,Almeda,Barfoot,abarfoot89@dropbox.com,Female,194.214.207.188
299,Vitia,Dilliway,vdilliway8a@pen.io,Female,66.133.17.130
300,Agnes,Cufflin,acufflin8b@bloglovin.com,Female,79.23.60.14
301,Rafaellle,Antonellini,rantonellini8c@jigsy.com,Male,109.105.140.13
302,Nickolai,Jewiss,njewiss8d@mac.com,Male,39.155.177.110
303,Horst,Hyne,hhyne8e@businesswire.com,Non-binary,164.246.146.58
304,Moira,Chambers,mchambers8f@businessinsider.com,Female,14.109.1.89
305,Land,Jozwik,ljozwik8g@bloglovin.com,Male,33.67.39.46
306,Barry,Dillon,bdillon8h@taobao.com,Male,23.196.207.48
307,Stillman,De Zuani,sdezuani8i@mediafire.com,Male,92.179.52.162
308,Annecorinne,Ettles,aettles8j@pen.io,Agender,244.233.156.255
309,Mona,Kofax,mkofax8k@jalbum.net,Bigender,117.177.1.168
310,Bernard,Rochewell,brochewell8l@skype.com,Male,66.84.149.163
311,Codi,O'Fairy,cofairy8m@fastcompany.com,Female,80.227.118.215
312,Haleigh,Leipelt,hleipelt8n@constantcontact.com,Female,53.47.171.43
313,Vittorio,Eeles,veeles8o@163.com,Male,73.171.77.239
314,Tally,Alcoran,talcoran8p@ocn.ne.jp,Female,151.221.131.92
315,Lucilia,Gately,lgately8q@furl.net,Female,56.167.203.142
316,Catlee,Munns,cmunns8r@technorati.com,Female,58.166.55.239
317,Chen,Wodeland,cwodeland8s@feedburner.com,Male,50.12.6.3
318,Fawnia,Lynas,flynas8t@omniture.com,Female,251.101.64.206
319,Gae,Raffan,graffan8u@sina.com.cn,Female,16.109.123.133
320,Travers,Maving,tmaving8v@dropbox.com,Male,3.44.64.26
321,Nonie,Dollar,ndollar8w@sohu.com,Female,19.177.110.95
322,Chelsey,McKea,cmckea8x@fastcompany.com,Female,118.184.97.142
323,Jo-anne,Grolmann,jgrolmann8y@hexun.com,Female,44.239.18.77
324,Lezley,Monday,lmonday8z@123-reg.co.uk,Male,202.25.240.152
325,Magdalen,Phillput,mphillput90@163.com,Female,4.159.173.142
326,Indira,Guard,iguard91@auda.org.au,Female,105.130.205.186
327,Milli,Harbage,mharbage92@bloglovin.com,Female,196.33.181.121
328,Xavier,Gorman,xgorman93@amazon.co.uk,Polygender,129.107.250.151
329,Adey,Dobeson,adobeson94@yellowbook.com,Female,126.7.39.216
330,Imelda,Jentgens,ijentgens95@gov.uk,Female,165.41.159.7
331,Gwen,Eblein,geblein96@reuters.com,Female,242.37.72.15
332,Andi,Hounsome,ahounsome97@edublogs.org,Female,83.106.143.103
333,Diandra,Cawley,dcawley98@storify.com,Female,104.221.1.116
334,Theodora,Busby,tbusby99@bloglines.com,Agender,26.206.74.75
335,Dela,Viste,dviste9a@hp.com,Female,122.89.113.24
336,Rhona,Wase,rwase9b@si.edu,Female,74.235.140.255
337,Heindrick,Roelofsen,hroelofsen9c@skype.com,Male,152.35.93.199
338,Ki,Cantor,kcantor9d@icio.us,Agender,140.227.220.39
339,Carr,Riccardelli,criccardelli9e@51.la,Male,96.151.78.189
340,Ashlie,Gowanlock,agowanlock9f@dailymotion.com,Female,219.151.41.202
341,Lyndsey,Nottingham,lnottingham9g@unicef.org,Female,150.203.43.77
342,Lyndy,Gamble,lgamble9h@cmu.edu,Female,141.96.63.119
343,Felike,McAtamney,fmcatamney9i@youtu.be,Male,191.174.135.46
344,Kirk,Cradick,kcradick9j@dyndns.org,Male,97.128.248.107
345,Jeannine,Trubshawe,jtrubshawe9k@cdbaby.com,Female,1.27.67.131
346,Barron,Channon,bchannon9l@umich.edu,Non-binary,135.154.93.253
347,Sammy,Petrello,spetrello9m@fastcompany.com,Female,59.46.44.205
348,Winnifred,Nutkin,wnutkin9n@nature.com,Female,23.23.164.3
349,Michaela,Enser,menser9o@rambler.ru,Female,121.8.141.214
350,Billie,Fermer,bfermer9p@goo.gl,Male,165.186.184.238
351,Margy,Dufore,mdufore9q@Jigem.jp,Polygender,189.87.221.137
352,Leoine,Gagin,lgagin9r@networksolutions.com,Polygender,87.168.196.176
353,Jarret,Balcers,jbalcers9s@netlog.com,Male,137.131.228.230
354,Hort,Crosio,hcrosio9t@indiegogo.com,Male,106.21.92.169
355,Tiebout,Whittington,twhittington9u@sogou.com,Male,56.137.39.72
356,Jason,Langlands,jlanglands9v@omniture.com,Male,101.137.167.124
357,Baxy,Berlin,bberlin9w@upenn.edu,Male,6.130.94.105
358,Min,Lasselle,mlasselle9x@yellowpages.com,Female,225.178.59.102
359,Phillipe,Martensen,pmartensen9y@delicious.com,Male,219.105.83.134
360,Moss,Fyldes,mfyldes9z@boston.com,Male,116.47.73.122
361,Tadeas,Shorey,tshoreya0@liveinternet.ru,Male,253.3.164.102
362,Victoir,Chieco,vchiecoa1@slate.com,Male,118.22.122.200
363,Lyda,Hubbart,lhubbarta2@delicious.com,Female,56.123.55.234
364,Kylila,Aynscombe,kaynscombea3@cargocollective.com,Polygender,97.84.84.106
365,Zandra,Burnage,zburnagea4@comcast.net,Female,144.62.78.12
366,Stacy,Mapletoft,smapletofta5@histats.com,Female,166.96.235.216
367,Rand,Tomczak,rtomczaka6@merriam-webster.com,Male,127.109.243.237
368,Aristotle,Cross,acrossa7@microsoft.com,Male,152.123.76.194
369,Ker,Burbage,kburbagea8@theglobeandmail.com,Male,255.197.79.185
370,Ryan,Baxill,rbaxilla9@bloomberg.com,Male,37.146.153.93
371,Garrard,Emilien,gemilienaa@bloglovin.com,Male,231.226.48.75
372,Barbra,Skough,bskoughab@indiatimes.com,Female,68.207.231.145
373,Nerte,Mabson,nmabsonac@people.com.cn,Female,154.218.242.13
374,Marchelle,Mecchi,mmecchiad@xinhuanet.com,Female,243.56.0.80
375,Faye,Yarwood,fyarwoodae@yahoo.co.jp,Genderfluid,86.254.123.95
376,Sindee,Ducarel,sducarelaf@redcross.org,Genderfluid,49.111.110.225
377,Doloritas,Sommerled,dsommerledag@ca.gov,Female,183.202.25.18
378,Darwin,Mousdall,dmousdallah@yale.edu,Male,157.243.121.38
379,Dulcine,Danilenko,ddanilenkoai@nydailynews.com,Female,97.4.212.2
380,Broderic,Fardell,bfardellaj@sciencedirect.com,Male,205.150.183.225
381,Jeanine,Niccolls,jniccollsak@chronoengine.com,Non-binary,95.178.235.203
382,Tommy,Grint,tgrintal@macromedia.com,Male,24.215.55.46
383,Halimeda,Lyvon,hlyvonam@time.com,Female,242.17.213.8
384,Madge,Eicheler,meicheleran@huffingtonpost.com,Female,154.1.71.178
385,Kristan,Dockery,kdockeryao@1688.com,Female,6.45.213.23
386,Zena,Coyish,zcoyishap@yellowpages.com,Female,25.39.98.52
387,Iormina,Windous,iwindousaq@amazon.de,Female,49.164.112.36
388,Colette,Flatte,cflattear@ox.ac.uk,Female,52.40.36.216
389,Yoshiko,Awdry,yawdryas@economist.com,Female,73.100.228.208
390,Gabriell,Mussetti,gmussettiat@weather.com,Female,10.192.158.184
391,Jozef,Heaysman,jheaysmanau@zimbio.com,Male,120.67.107.181
392,Evvie,Seivwright,eseivwrightav@ifeng.com,Female,200.73.170.245
393,Nerta,Rolston,nrolstonaw@163.com,Female,25.239.14.143
394,Brig,Besnardeau,bbesnardeauax@vkontakte.ru,Male,194.195.185.215
395,Chrissy,Cartmael,ccartmaelay@freewebs.com,Female,107.24.238.32
396,Elle,Watsham,ewatshamaz@51.la,Female,138.76.198.190
397,Ashli,Hupka,ahupkab0@surveymonkey.com,Female,20.102.155.90
398,Yovonnda,Ollive,yolliveb1@europa.eu,Female,79.113.143.50
399,Dallis,Farquharson,dfarquharsonb2@soundcloud.com,Male,130.189.123.192
400,Adoree,Alger,aalgerb3@bigcartel.com,Female,57.35.149.242
401,Frederigo,Clethro,fclethrob4@jimdo.com,Male,107.252.255.187
402,Kippie,Moye,kmoyeb5@pinterest.com,Male,3.155.179.243
403,Burton,Blackborough,bblackboroughb6@amazon.com,Male,229.221.160.68
404,Aileen,Sprowle,asprowleb7@bravesites.com,Female,138.16.179.226
405,Henrie,Cossins,hcossinsb8@alexa.com,Female,174.119.201.105
406,Antons,Heinrich,aheinrichb9@rediff.com,Male,117.14.75.213
407,Welch,Byford,wbyfordba@digg.com,Male,150.70.119.243
408,Slade,Glave,sglavebb@macromedia.com,Male,47.111.19.184
409,Killy,Clapton,kclaptonbc@hugedomains.com,Male,55.188.0.73
410,Dacia,Gradley,dgradleybd@opensource.org,Female,94.43.62.158
411,Allayne,MacCallester,amaccallesterbe@mac.com,Male,242.242.218.142
412,Fredia,Hritzko,fhritzkobf@ameblo.jp,Female,102.74.128.229
413,Kayley,Kingswood,kkingswoodbg@si.edu,Female,119.254.73.50
414,Jinny,Baxstar,jbaxstarbh@time.com,Female,245.187.179.59
415,Ola,Moreinis,omoreinisbi@utexas.edu,Bigender,1.50.74.135
416,Wood,Loftus,wloftusbj@cdbaby.com,Male,184.233.178.177
417,Carr,Rossbrook,crossbrookbk@blogtalkradio.com,Polygender,122.198.58.97
418,Ermanno,Woliter,ewoliterbl@geocities.jp,Male,42.3.9.77
419,Livvyy,Erlam,lerlambm@stanford.edu,Female,113.82.118.119
420,Howey,Yelyashev,hyelyashevbn@wiley.com,Male,127.254.226.95
421,Orelie,Leadbitter,oleadbitterbo@lycos.com,Female,34.152.166.223
422,Barr,Sutterfield,bsutterfieldbp@cam.ac.uk,Male,167.128.133.158
423,Albrecht,Mahomet,amahometbq@etsy.com,Agender,116.144.194.74
424,Gustav,McGrath,gmcgrathbr@surveymonkey.com,Male,126.22.47.66
425,Joshuah,Huchot,jhuchotbs@storify.com,Genderfluid,154.106.60.124
426,Annora,Wiggins,awigginsbt@deliciousdays.com,Female,19.36.150.85
427,Idelle,Peters,ipetersbu@pen.io,Female,72.30.251.70
428,Aggi,Wycliff,awycliffbv@berkeley.edu,Female,149.40.183.121
429,Sid,Jolley,sjolleybw@wiley.com,Male,40.180.115.62
430,Billye,Emptage,bemptagebx@deliciousdays.com,Female,175.121.109.181
431,Marie-ann,Hallut,mhallutby@scientificamerican.com,Female,191.4.157.13
432,Chrystal,Bourthoumieux,cbourthoumieuxbz@163.com,Female,67.86.215.234
433,Anabelle,Bredes,abredesc0@rediff.com,Female,115.196.84.105
434,Enrica,Pettie,epettiec1@vkontakte.ru,Female,99.95.16.186
435,Fey,Mannock,fmannockc2@google.pl,Female,237.96.75.162
436,Winona,Rowlson,wrowlsonc3@biglobe.ne.jp,Female,98.63.4.81
437,Murielle,Innerstone,minnerstonec4@hexun.com,Female,100.55.219.39
438,Penni,Hatry,phatryc5@sbwire.com,Female,199.38.15.37
439,Colene,Stansbie,cstansbiec6@surveymonkey.com,Female,137.93.49.154
440,Ginny,Curnokk,gcurnokkc7@accuweather.com,Female,214.250.4.54
441,Jobina,Lewzey,jlewzeyc8@pbs.org,Female,88.152.177.141
442,Elnar,Odams,eodamsc9@sciencedaily.com,Male,242.173.106.59
443,Georg,Tatchell,gtatchellca@mlb.com,Male,202.83.149.19
444,Haslett,Flucks,hfluckscb@people.com.cn,Male,1.185.125.232
445,Morganica,Groundwater,mgroundwatercc@dailymotion.com,Female,221.75.20.179
446,Gordon,Vasovic,gvasoviccd@rakuten.co.jp,Male,175.34.91.223
447,Coral,Gregh,cgreghce@mail.ru,Female,8.164.249.31
448,Any,Skaif,askaifcf@com.com,Polygender,40.130.197.221
449,Alysia,Cruise,acruisecg@google.co.jp,Female,226.201.41.239
450,Tiebold,Deyes,tdeyesch@dedecms.com,Agender,62.89.214.82
451,Jami,Gonnely,jgonnelyci@abc.net.au,Genderfluid,107.201.209.179
452,Paulo,Davidovsky,pdavidovskycj@amazon.co.jp,Male,40.120.239.0
453,Onfre,Fann,ofannck@ameblo.jp,Male,155.86.237.47
454,Tedmund,Diego,tdiegocl@over-blog.com,Male,166.63.230.224
455,Burch,Rivers,briverscm@dell.com,Male,22.45.89.236
456,Grady,O'Bradane,gobradanecn@xrea.com,Male,184.116.5.210
457,Cherey,Myton,cmytonco@dailymail.co.uk,Female,44.67.111.12
458,Duncan,Farley,dfarleycp@kickstarter.com,Male,213.199.166.58
459,Aigneis,Daelman,adaelmancq@wired.com,Female,159.149.110.138
460,Sloane,Mee,smeecr@mapy.cz,Male,72.162.159.140
461,Darb,Shelmerdine,dshelmerdinecs@ustream.tv,Female,115.222.131.189
462,Win,Begley,wbegleyct@eepurl.com,Male,159.12.49.194
463,Edwin,Boise,eboisecu@tripadvisor.com,Male,19.242.114.75
464,Idell,Crawley,icrawleycv@indiegogo.com,Female,0.185.129.176
465,Jamison,Anney,janneycw@vkontakte.ru,Male,194.98.244.252
466,Bobinette,Clair,bclaircx@slideshare.net,Female,29.175.92.184
467,Venita,Lafayette,vlafayettecy@acquirethisname.com,Female,166.244.135.154
468,Winnifred,Ashall,washallcz@mapquest.com,Female,214.138.53.236
469,Marjorie,Greenhall,mgreenhalld0@wikispaces.com,Female,39.127.144.174
470,Humfrey,Caughan,hcaughand1@spotify.com,Male,154.52.217.142
471,Timotheus,Lynthal,tlynthald2@ox.ac.uk,Male,95.216.231.0
472,Aluin,Thumnel,athumneld3@mysql.com,Male,138.212.33.33
473,Angela,Euels,aeuelsd4@shop-pro.jp,Female,161.231.48.237
474,Stepha,Gresly,sgreslyd5@plala.or.jp,Female,82.228.5.233
475,Andie,Skakunas,askakunasd6@npr.org,Male,225.15.2.203
476,Cordy,Northcliffe,cnorthcliffed7@bbc.co.uk,Male,157.143.86.103
477,Crawford,Vardey,cvardeyd8@constantcontact.com,Male,171.255.100.131
478,Laina,Birden,lbirdend9@privacy.gov.au,Female,223.56.199.232
479,Burnard,Keir,bkeirda@pbs.org,Male,240.85.202.121
480,Cassondra,Begin,cbegindb@amazon.de,Female,244.89.212.10
481,Jillian,Leverett,jleverettdc@house.gov,Female,97.150.89.32
482,Caldwell,Rilston,crilstondd@hatena.ne.jp,Male,114.30.205.85
483,Therese,Schimann,tschimannde@google.nl,Female,223.71.252.26
484,Alford,Cosser,acosserdf@freewebs.com,Male,93.101.176.156
485,Cordie,Gibbonson,cgibbonsondg@imageshack.us,Female,112.197.189.62
486,Rebecka,Elby,relbydh@gmpg.org,Female,230.9.49.225
487,Papagena,Surpliss,psurplissdi@ibm.com,Female,114.35.204.137
488,Shandeigh,Stode,sstodedj@amazon.com,Female,58.93.178.70
489,Dody,Vernon,dvernondk@cyberchimps.com,Bigender,110.214.175.72
490,Jae,D'Alesio,jdalesiodl@multiply.com,Male,158.115.20.7
491,Veronique,Fowells,vfowellsdm@ning.com,Female,162.165.3.133
492,Irwin,Willcock,iwillcockdn@webnode.com,Male,44.203.6.176
493,Marc,Rickell,mrickelldo@alibaba.com,Male,51.15.127.0
494,Carole,Ghilks,cghilksdp@vkontakte.ru,Female,147.112.82.91
495,Gunner,Scotland,gscotlanddq@ovh.net,Male,123.132.228.161
496,Lincoln,Rainey,lraineydr@barnesandnoble.com,Male,91.210.10.190
497,Gib,Burgoyne,gburgoyneds@amazon.com,Non-binary,120.63.46.250
498,Rod,Lackie,rlackiedt@imgur.com,Male,37.61.165.202
499,Mona,Mullett,mmullettdu@gnu.org,Female,164.129.1.34
500,Jerrilyn,Dellenty,jdellentydv@shareasale.com,Female,23.101.14.16
501,Horatia,Itshak,hitshakdw@berkeley.edu,Female,29.196.99.85
502,Reina,Grennan,rgrennandx@hatena.ne.jp,Female,31.206.183.246
503,Ketti,Bannester,kbannesterdy@altervista.org,Female,58.202.198.215
504,Cordelie,Deeks,cdeeksdz@arizona.edu,Female,123.145.20.170
505,Gray,Blewitt,gblewitte0@disqus.com,Female,122.226.8.58
506,Adam,Scripture,ascripturee1@fotki.com,Male,233.21.99.87
507,Thor,Oby,tobye2@t.co,Polygender,184.244.180.219
508,Joel,Thain,jthaine3@live.com,Male,91.145.251.113
509,Aharon,Loxdale,aloxdalee4@wikimedia.org,Male,99.215.80.232
510,Modestine,Duignan,mduignane5@ow.ly,Female,198.241.162.142
511,Devina,Mattevi,dmattevie6@imageshack.us,Female,157.239.122.114
512,Ellissa,Bridgens,ebridgense7@netlog.com,Female,181.17.167.38
513,Jiliette,Maciunas,jmaciunase8@apache.org,Female,204.37.140.136
514,Demetrius,Riteley,driteleye9@jalbum.net,Male,8.162.161.191
515,Olivette,O'Bradden,oobraddenea@123-reg.co.uk,Female,12.64.0.80
516,Brennen,Twelvetree,btwelvetreeeb@wisc.edu,Male,102.83.163.187
517,Buck,Nouch,bnouchec@google.com,Male,32.200.8.20
518,Devin,Garlic,dgarliced@harvard.edu,Male,79.151.101.234
519,Giovanni,Navarro,gnavarroee@businessweek.com,Male,39.154.208.128
520,Aline,Pendell,apendellef@wufoo.com,Female,207.95.113.239
521,Jinie,Grieswood,jgrieswoodeg@google.ru,Female,47.7.218.97
522,Jilleen,Lefeaver,jlefeavereh@nih.gov,Female,63.17.254.224
523,Hedy,Sibbs,hsibbsei@walmart.com,Female,10.201.136.157
524,Enrique,Zellner,ezellnerej@columbia.edu,Agender,109.77.204.193
525,Nance,MacGoun,nmacgounek@hexun.com,Female,255.175.231.236
526,Rasla,Dawltrey,rdawltreyel@hostgator.com,Genderqueer,212.232.139.127
527,Hermia,Rydzynski,hrydzynskiem@java.com,Female,116.143.113.184
528,Galen,Tethacot,gtethacoten@answers.com,Male,53.15.28.38
529,Tiff,Hillborne,thillborneeo@un.org,Female,151.126.154.255
530,Ermanno,Toone,etooneep@about.com,Male,15.138.79.185
531,Tish,Stille,tstilleeq@fastcompany.com,Female,98.43.230.99
532,Jefferey,Ironmonger,jironmongerer@ovh.net,Male,73.23.153.162
533,Lizzy,Cyseley,lcyseleyes@ning.com,Female,186.66.18.31
534,Stefanie,Hulett,shulettet@cnbc.com,Female,168.26.201.221
535,Rowan,Routledge,rroutledgeeu@joomla.org,Male,212.200.156.105
536,Enos,Hardisty,ehardistyev@bandcamp.com,Male,192.133.60.176
537,Rafe,Dowglass,rdowglassew@amazon.de,Male,244.41.136.148
538,Westbrook,Kitman,wkitmanex@arstechnica.com,Bigender,247.224.43.187
539,Manny,Schultes,mschultesey@friendfeed.com,Male,143.238.68.129
540,Lurleen,Wherton,lwhertonez@samsung.com,Female,24.152.5.144
541,Carly,Furney,cfurneyf0@who.int,Agender,15.83.181.59
542,Norbert,MacGilpatrick,nmacgilpatrickf1@ehow.com,Male,252.80.108.62
543,Dania,Leggate,dleggatef2@photobucket.com,Genderqueer,67.27.182.156
544,Karine,Jewster,kjewsterf3@wired.com,Female,138.49.212.24
545,Fredia,Di Antonio,fdiantoniof4@theatlantic.com,Female,62.90.69.58
546,Beltran,Twining,btwiningf5@businesswire.com,Male,79.162.27.169
547,Yasmin,Jacop,yjacopf6@statcounter.com,Female,29.26.176.182
548,Derry,Franzel,dfranzelf7@mac.com,Male,160.19.104.139
549,Laney,Mennithorp,lmennithorpf8@altervista.org,Male,94.205.145.192
550,Brice,Mattholie,bmattholief9@jigsy.com,Male,30.201.211.18
551,Prince,Lutas,plutasfa@walmart.com,Non-binary,200.205.224.15
552,Caren,Janowski,cjanowskifb@vimeo.com,Female,113.244.100.162
553,Dorotea,Wolsey,dwolseyfc@dell.com,Female,32.224.34.240
554,Amberly,Tracy,atracyfd@constantcontact.com,Female,153.238.51.236
555,Jilietta,Vernazza,jvernazzafe@artisteer.com,Female,219.178.115.76
556,Hilario,Gaunter,hgaunterff@netvibes.com,Male,142.75.182.93
557,Timofei,Anstis,tanstisfg@utexas.edu,Male,134.80.144.1
558,Krystalle,Dibb,kdibbfh@apache.org,Female,84.200.25.94
559,Heath,Cathrall,hcathrallfi@reuters.com,Female,65.63.50.201
560,Berenice,Peacocke,bpeacockefj@bizjournals.com,Female,31.26.48.198
561,Winfield,Sherringham,wsherringhamfk@mapy.cz,Male,205.76.227.250
562,Arnoldo,Rubury,aruburyfl@list-manage.com,Male,23.46.153.145
563,Wilburt,Korb,wkorbfm@google.com.hk,Male,160.200.83.62
564,Iolanthe,Silber,isilberfn@businesswire.com,Female,119.8.143.58
565,Rice,MacVean,rmacveanfo@homestead.com,Male,22.24.115.236
566,Erik,Veillard,eveillardfp@sciencedaily.com,Genderfluid,209.219.207.18
567,Arron,Slemmonds,aslemmondsfq@i2i.jp,Male,162.94.229.139
568,Del,Caves,dcavesfr@goodreads.com,Male,215.105.177.176
569,Rufus,Bygreaves,rbygreavesfs@ifeng.com,Male,129.144.35.25
570,Umeko,Marquet,umarquetft@narod.ru,Female,160.255.152.179
571,Maximilien,Nevett,mnevettfu@opera.com,Male,25.176.110.57
572,Law,Crosoer,lcrosoerfv@miitbeian.gov.cn,Male,233.70.48.65
573,Sharity,Flannigan,sflanniganfw@dot.gov,Female,60.82.230.7
574,Kit,Parres,kparresfx@yandex.ru,Male,123.82.25.177
575,Johny,Timny,jtimnyfy@ebay.co.uk,Male,147.230.40.156
576,Tuckie,Applegarth,tapplegarthfz@opensource.org,Male,123.140.47.175
577,Brigida,Shaefer,bshaeferg0@spiegel.de,Female,19.128.71.69
578,Peggy,Backwell,pbackwellg1@hatena.ne.jp,Female,201.164.50.0
579,Mathilde,Goodbanne,mgoodbanneg2@telegraph.co.uk,Female,195.169.240.124
580,Renaldo,Wrack,rwrackg3@wufoo.com,Male,59.28.99.123
581,Ranice,Staunton,rstauntong4@paginegialle.it,Female,255.44.187.182
582,Marla,Binney,mbinneyg5@com.com,Female,114.158.179.35
583,Candis,Tyt,ctytg6@kickstarter.com,Female,81.42.196.54
584,Mikkel,Pirouet,mpirouetg7@sphinn.com,Male,109.218.240.12
585,Myrilla,Christoforou,mchristoforoug8@bandcamp.com,Female,172.240.5.22
586,Abner,Eisenberg,aeisenbergg9@mysql.com,Male,0.238.253.178
587,Beauregard,Murricanes,bmurricanesga@prnewswire.com,Male,185.181.156.144
588,Jase,Ughelli,Jighelligb@dailymotion.com,Agender,221.187.201.77
589,Emily,Bettington,ebettingtongc@phpbb.com,Female,199.19.50.52
590,Marietta,Pomfrey,mpomfreygd@vk.com,Female,13.76.243.40
591,Jilina,Tolerton,jtolertonge@mediafire.com,Female,102.69.191.219
592,Nadean,Stang-Gjertsen,nstanggjertsengf@imageshack.us,Female,46.40.85.174
593,Mara,Flores,mfloresgg@shop-pro.jp,Female,162.117.29.98
594,Selena,Fretwell,sfretwellgh@uiuc.edu,Female,99.96.55.170
595,Annabell,Masterson,amastersongi@ucsd.edu,Female,31.108.17.187
596,Chastity,Kemmons,ckemmonsgj@theatlantic.com,Female,255.154.138.62
597,Elysha,Strain,estraingk@last.fm,Female,238.156.213.231
598,Ichabod,Seamans,iseamansgl@devhub.com,Male,99.241.252.223
599,Bink,Fretter,bfrettergm@google.com.au,Male,231.210.245.251
600,Feodor,Drawmer,fdrawmergn@ox.ac.uk,Male,10.238.180.128
601,Anthe,Dutch,adutchgo@tiny.cc,Genderqueer,133.141.48.102
602,Wilburt,Chatband,wchatbandgp@vinaora.com,Male,139.209.121.200
603,Gizela,Haskur,ghaskurgq@independent.co.uk,Female,51.41.106.63
604,Findlay,Blofield,fblofieldgr@comsenz.com,Polygender,211.55.113.241
605,Mischa,Jaquemar,mjaquemargs@geocities.com,Male,189.25.143.161
606,Sindee,Kingsnoad,skingsnoadgt@domainmarket.com,Female,154.211.243.174
607,Cammi,Alvarado,calvaradogu@wp.com,Agender,49.200.223.218
608,Milzie,Eake,meakegv@businessweek.com,Female,69.25.229.75
609,Elliott,Sharland,esharlandgw@ucoz.com,Male,51.117.56.116
610,Danyelle,Halson,dhalsongx@yellowbook.com,Female,56.218.214.215
611,Amie,End,aendgy@vimeo.com,Female,125.14.214.205
612,Tomi,Rentenbeck,trentenbeckgz@adobe.com,Female,232.242.22.146
613,Lesly,MacDonell,lmacdonellh0@wiley.com,Female,127.79.194.170
614,Robbert,Harteley,rharteleyh1@furl.net,Male,99.24.40.198
615,Jeremiah,Duigenan,jduigenanh2@ucla.edu,Male,13.162.114.218
616,Chrissy,Aindriu,caindriuh3@ucsd.edu,Female,235.123.78.58
617,Whitby,Oguz,woguzh4@sakura.ne.jp,Male,71.165.201.10
618,Bevon,Hesey,bheseyh5@flavors.me,Male,161.11.33.175
619,Geno,McCay,gmccayh6@hubpages.com,Male,8.90.141.187
620,Nancie,Roddick,nroddickh7@archive.org,Female,92.48.172.29
621,Clayton,Chardin,cchardinh8@is.gd,Male,26.87.139.77
622,Candice,Paeckmeyer,cpaeckmeyerh9@hexun.com,Female,124.233.36.6
623,Shermy,Burgoine,sburgoineha@skype.com,Male,157.241.199.208
624,Nelli,Peye,npeyehb@wiley.com,Female,99.201.28.106
625,Devonna,Beautyman,dbeautymanhc@apache.org,Genderqueer,113.254.175.131
626,Isaac,Roselli,irosellihd@technorati.com,Male,201.82.35.118
627,Nobe,Sherrum,nsherrumhe@hugedomains.com,Male,23.61.115.207
628,Averil,Thomtson,athomtsonhf@homestead.com,Female,239.64.233.196
629,Christopher,Raoult,craoulthg@slashdot.org,Male,192.123.153.121
630,Wiatt,Alldridge,walldridgehh@imageshack.us,Male,208.156.121.112
631,Ruttger,Lockey,rlockeyhi@house.gov,Male,21.26.177.130
632,Giralda,Chatterton,gchattertonhj@usatoday.com,Female,89.64.45.240
633,Roxane,Smead,rsmeadhk@eepurl.com,Female,225.63.47.4
634,Addy,Capelin,acapelinhl@ucsd.edu,Female,106.152.169.55
635,Hermine,Michele,hmichelehm@rediff.com,Female,109.55.242.6
636,Aland,Piotrkowski,apiotrkowskihn@surveymonkey.com,Non-binary,80.116.156.53
637,Devonna,Drought,ddroughtho@vinaora.com,Female,147.137.80.171
638,Karim,Filde,kfildehp@miitbeian.gov.cn,Male,149.161.14.114
639,Neill,Buchett,nbuchetthq@typepad.com,Male,146.78.18.14
640,Letisha,Oakhill,loakhillhr@foxnews.com,Female,242.31.177.66
641,Nicolais,Keeltagh,nkeeltaghhs@msn.com,Male,171.5.181.56
642,Quill,Kemitt,qkemittht@army.mil,Male,221.84.122.145
643,Germain,Zannutti,gzannuttihu@youku.com,Male,109.52.43.135
644,Brandyn,Evill,bevillhv@wikispaces.com,Male,33.130.39.98
645,Myrlene,Bluck,mbluckhw@fda.gov,Female,104.220.143.96
646,Nataniel,Etienne,netiennehx@webnode.com,Male,85.140.131.80
647,Amabel,Aldren,aaldrenhy@cdbaby.com,Female,14.69.170.69
648,Geordie,Weild,gweildhz@army.mil,Male,16.235.137.214
649,Raddy,Beller,rbelleri0@economist.com,Male,131.120.175.67
650,Aharon,Meegin,ameegini1@europa.eu,Male,242.250.1.13
651,Seymour,Vanichev,svanichevi2@nbcnews.com,Male,98.191.62.131
652,Afton,Boullin,aboullini3@walmart.com,Female,49.55.18.70
653,Vincenz,Giabuzzi,vgiabuzzii4@google.ru,Male,114.196.174.131
654,Borden,Marr,bmarri5@utexas.edu,Male,132.96.174.1
655,Noble,Coppins,ncoppinsi6@howstuffworks.com,Male,121.66.113.191
656,Eamon,Yerbury,eyerburyi7@utexas.edu,Male,193.8.247.209
657,Johnathon,Petruska,jpetruskai8@forbes.com,Male,96.31.59.154
658,Angel,Muddiman,amuddimani9@weather.com,Female,211.226.202.37
659,Hal,Brydie,hbrydieia@google.fr,Genderqueer,15.52.153.245
660,Miltie,Cockcroft,mcockcroftib@gmpg.org,Male,237.187.187.121
661,Vinny,Kaminski,vkaminskiic@wsj.com,Female,198.115.212.127
662,Hillery,Reiling,hreilingid@google.co.jp,Male,178.227.11.5
663,Sauncho,Battleson,sbattlesonie@liveinternet.ru,Male,181.8.163.142
664,Torey,Timbridge,ttimbridgeif@hao123.com,Genderqueer,176.22.255.247
665,Jenine,Dolle,jdolleig@freewebs.com,Female,195.114.24.211
666,Jany,Reiach,jreiachih@addtoany.com,Female,190.213.68.27
667,Ricardo,Fantonetti,rfantonettiii@dyndns.org,Male,118.138.234.79
668,Mathe,Gouldsmith,mgouldsmithij@npr.org,Male,23.71.169.222
669,Joelly,Klessmann,jklessmannik@domainmarket.com,Female,221.115.192.129
670,Elberta,Mulgrew,emulgrewil@indiegogo.com,Female,74.95.219.192
671,Dareen,Bernhart,dbernhartim@sakura.ne.jp,Female,45.166.211.86
672,Augy,Trineman,atrinemanin@etsy.com,Male,231.106.26.65
673,Jens,Frodsham,jfrodshamio@yelp.com,Male,195.187.255.198
674,Buckie,Larkins,blarkinsip@comcast.net,Male,246.90.185.175
675,Victoria,Mickleburgh,vmickleburghiq@artisteer.com,Female,188.113.81.157
676,Jasen,Serfati,jserfatiir@blinklist.com,Male,230.154.149.110
677,Kiah,Escott,kescottis@dailymail.co.uk,Female,32.243.192.36
678,Rickard,O'Teague,roteagueit@ibm.com,Male,59.81.191.104
679,Niles,Goodie,ngoodieiu@google.fr,Male,43.39.121.77
680,Rhodia,Lamborne,rlamborneiv@a8.net,Female,0.4.53.129
681,Flor,Blune,fbluneiw@sbwire.com,Female,89.83.39.241
682,Malina,Cereceres,mcereceresix@livejournal.com,Female,194.172.198.41
683,Heinrick,Benedicto,hbenedictoiy@prlog.org,Male,227.181.89.187
684,Dwayne,Rehorek,drehorekiz@ebay.com,Male,152.8.170.142
685,Shawna,Hames,shamesj0@tmall.com,Female,242.117.120.223
686,Reinold,Derrick,rderrickj1@sfgate.com,Male,50.179.218.44
687,Clare,Haborn,chabornj2@pcworld.com,Female,177.150.199.5
688,Lissie,Shropsheir,lshropsheirj3@github.io,Female,161.165.133.68
689,Laraine,Curnok,lcurnokj4@google.cn,Polygender,191.185.129.145
690,Kaitlynn,Hammell,khammellj5@umn.edu,Female,194.187.223.178
691,Clarke,Benninck,cbenninckj6@devhub.com,Genderfluid,110.177.238.250
692,Mora,Bromell,mbromellj7@reverbnation.com,Female,198.176.125.198
693,Olivero,Caughey,ocaugheyj8@artisteer.com,Male,16.170.176.26
694,Aloysia,Guinnane,aguinnanej9@adobe.com,Female,64.95.179.107
695,Cristiano,Dury,cduryja@xrea.com,Male,218.89.67.214
696,Omero,Doig,odoigjb@naver.com,Male,93.53.59.73
697,Pegeen,Bendelow,pbendelowjc@jiathis.com,Female,15.1.177.145
698,Field,Shipley,fshipleyjd@hatena.ne.jp,Male,215.54.41.24
699,Benjamin,Awcoate,bawcoateje@mapy.cz,Male,92.53.73.159
700,Garth,Willshere,gwillsherejf@com.com,Male,164.113.174.100
701,Gisela,Dwerryhouse,gdwerryhousejg@home.pl,Female,245.113.6.48
702,Louella,Luton,llutonjh@wired.com,Polygender,236.178.179.39
703,Rosina,Becarra,rbecarraji@skype.com,Female,227.103.22.118
704,Fernando,Braganza,fbraganzajj@cmu.edu,Male,99.214.49.199
705,Vally,Morrall,vmorralljk@technorati.com,Female,92.233.197.107
706,Marco,Deas,mdeasjl@irs.gov,Male,27.77.217.185
707,Cathlene,Cristol,ccristoljm@economist.com,Genderfluid,7.123.80.45
708,Jessalyn,Dobey,jdobeyjn@newyorker.com,Female,180.246.252.135
709,Klement,Matejka,kmatejkajo@hugedomains.com,Male,187.197.10.56
710,Welby,Abramovici,wabramovicijp@microsoft.com,Male,47.64.73.188
711,Thornton,Caller,tcallerjq@sciencedaily.com,Male,178.113.94.92
712,Quintin,Oliva,qolivajr@bbc.co.uk,Male,42.105.122.244
713,Gwendolyn,Pidgeley,gpidgeleyjs@bloglovin.com,Female,162.5.38.7
714,Stearne,Asch,saschjt@reuters.com,Male,187.144.103.240
715,Ive,Moorrud,imoorrudJi@goodreads.com,Male,168.177.37.248
716,Devlin,Inchbald,dinchbaldjv@clickbank.net,Male,74.110.86.159
717,Kimberli,Rolf,krolfjw@networksolutions.com,Female,196.23.228.109
718,Paulie,Tregenza,ptregenzajx@fda.gov,Male,160.222.200.169
719,Nichole,Hubbuck,nhubbuckjy@ca.gov,Male,120.221.238.53
720,Dodi,Gasticke,dgastickejz@netlog.com,Female,33.129.152.188
721,Ezri,Zanotti,ezanottik0@japanpost.jp,Male,253.196.55.127
722,Pearla,Crosthwaite,pcrosthwaitek1@miitbeian.gov.cn,Agender,55.10.163.58
723,Germayne,Waring,gwaringk2@telegraph.co.uk,Male,192.163.143.158
724,Carling,McCrystal,cmccrystalk3@behance.net,Male,242.8.162.173
725,Robby,Chipping,rchippingk4@narod.ru,Male,229.254.188.112
726,Homer,Seekings,hseekingsk5@theglobeandmail.com,Male,184.168.140.26
727,Berti,Thonason,bthonasonk6@blogger.com,Male,12.62.210.184
728,Maribel,Steen,msteenk7@ezinearticles.com,Female,90.44.0.225
729,Mendie,Dilland,mdillandk8@washingtonpost.com,Male,237.240.36.11
730,Rosabella,Febvre,rfebvrek9@pinterest.com,Female,80.78.120.253
731,Faydra,Wissby,fwissbyka@storify.com,Female,31.176.133.60
732,Lonee,Emons,lemonskb@livejournal.com,Female,61.22.123.43
733,Stacie,Nulty,snultykc@state.tx.us,Female,10.68.75.26
734,Byram,Tyrone,btyronekd@tripod.com,Male,76.133.173.217
735,Thornton,Muslim,tmuslimke@google.cn,Male,48.81.239.144
736,Agnola,Elleyne,aelleynekf@oaic.gov.au,Agender,112.179.171.240
737,Charlene,Rogliero,croglierokg@github.io,Female,64.58.211.188
738,Skippy,Stothert,sstothertkh@sciencedaily.com,Male,28.46.113.126
739,Kory,Bernette,kbernetteki@woothemes.com,Male,245.73.42.95
740,Janel,Klaessen,jklaessenkj@so-net.ne.jp,Female,242.154.5.87
741,Corliss,Medcalf,cmedcalfkk@mlb.com,Female,62.105.44.107
742,Germain,Brims,gbrimskl@ucla.edu,Male,194.87.7.98
743,Shane,Budgett,sbudgettkm@weather.com,Male,99.63.13.127
744,Ansel,Maudling,amaudlingkn@printfriendly.com,Male,76.43.77.232
745,Trudie,Satterly,tsatterlyko@deliciousdays.com,Female,169.47.71.229
746,Ariana,Douch,adouchkp@nature.com,Female,171.195.207.158
747,Helyn,Jillian,hJilliankq@ft.com,Female,118.164.201.178
748,Maggi,Powney,mpowneykr@reference.com,Female,235.168.174.39
749,Ida,O'Doran,iodoranks@senate.gov,Female,12.233.150.113
750,Dyane,Loch,dlochkt@people.com.cn,Female,124.190.215.247
751,Edyth,Manolov,emanolovku@usnews.com,Female,240.178.101.114
752,Nari,Lygoe,nlygoekv@ucoz.ru,Female,29.150.120.23
753,Dimitry,Issacov,dissacovkw@berkeley.edu,Male,36.20.42.0
754,Deane,Barradell,dbarradellkx@bravesites.com,Male,206.38.115.170
755,Aldridge,Le Marquis,alemarquisky@sakura.ne.jp,Male,111.248.139.4
756,Alexei,Bellini,abellinikz@drupal.org,Male,95.73.232.21
757,Guthrie,Aspland,gasplandl0@printfriendly.com,Male,126.255.160.53
758,Lucille,Asel,lasell1@pen.io,Female,184.207.186.30
759,Magdalene,Brice,mbricel2@wsj.com,Female,135.198.50.103
760,Vanya,Menat,vmenatl3@wufoo.com,Male,207.30.73.68
761,Carling,Del Dello,cdeldellol4@salon.com,Male,115.4.85.74
762,Early,Shakesby,eshakesbyl5@twitter.com,Male,134.151.95.143
763,Bentley,Aitkin,baitkinl6@oaic.gov.au,Male,234.40.144.184
764,Duncan,Kier,dkierl7@barnesandnoble.com,Male,111.239.15.206
765,Rad,Wycliffe,rwycliffel8@geocities.com,Male,120.128.30.222
766,Rebe,Felipe,rfelipel9@163.com,Genderqueer,195.0.37.167
767,Felic,Itskovitz,fitskovitzla@list-manage.com,Male,149.224.103.17
768,Astrix,Effemy,aeffemylb@tinyurl.com,Female,49.55.151.138
769,Cornelle,Pristnor,cpristnorlc@jalbum.net,Female,10.216.77.56
770,Robinet,Cranfield,rcranfieldld@mapquest.com,Male,25.164.245.216
771,Ab,Barkley,abarkleyle@ocn.ne.jp,Male,147.204.168.226
772,Araldo,Swapp,aswapplf@nbcnews.com,Male,103.151.169.176
773,Rip,Quare,rquarelg@google.cn,Male,148.45.120.57
774,Phylys,Whatman,pwhatmanlh@stanford.edu,Female,5.136.157.69
775,Pandora,Rushmere,prushmereli@blogger.com,Female,34.47.193.17
776,Cicely,Gingel,cgingellj@odnoklassniki.ru,Female,52.172.80.140
777,Sal,Rowthorne,srowthornelk@abc.net.au,Male,98.147.109.253
778,Alvera,Latan,alatanll@flavors.me,Female,167.160.177.11
779,Pierson,Paule,ppaulelm@wired.com,Male,249.159.149.176
780,Livia,Vigours,lvigoursln@google.fr,Female,164.207.177.6
781,Andeee,Guerrero,aguerrerolo@barnesandnoble.com,Female,220.88.105.108
782,Gavan,Shimmin,gshimminlp@moonfruit.com,Male,214.75.133.207
783,Ginelle,Stiddard,gstiddardlq@indiegogo.com,Female,165.30.3.215
784,Dorri,Grumell,dgrumelllr@barnesandnoble.com,Genderqueer,13.125.100.206
785,Kay,Croisdall,kcroisdallls@domainmarket.com,Female,228.103.227.28
786,Fred,Kief,fkieflt@miibeian.gov.cn,Genderfluid,213.119.136.167
787,Kyle,Atwel,katwellu@xing.com,Male,155.47.188.121
788,Roderigo,Yves,ryveslv@mayoclinic.com,Male,114.180.190.229
789,Darwin,Whithorn,dwhithornlw@google.co.jp,Male,200.84.233.90
790,Harlen,Kittman,hkittmanlx@sun.com,Male,117.163.128.216
791,Hercules,Antonich,hantonichly@yahoo.com,Male,206.243.191.87
792,Rosalia,Stiegar,rstiegarlz@wufoo.com,Female,223.171.152.171
793,Kristian,Havoc,khavocm0@seesaa.net,Male,99.202.84.47
794,Salaidh,Mottinelli,smottinellim1@wisc.edu,Female,148.223.164.33
795,Maddy,Batchelder,mbatchelderm2@admin.ch,Female,138.223.237.210
796,Matteo,Mayfield,mmayfieldm3@weibo.com,Male,151.46.34.230
797,Blayne,Curston,bcurstonm4@google.ca,Male,174.74.101.223
798,Eugine,Steckings,esteckingsm5@prlog.org,Female,13.80.251.188
799,Felice,Haresnape,fharesnapem6@plala.or.jp,Genderqueer,179.252.196.251
800,Augustin,Shropshire,ashropshirem7@oakley.com,Male,23.58.240.17
801,Dagny,Cudbird,dcudbirdm8@opensource.org,Male,23.133.174.100
802,Liv,Ortega,lortegam9@a8.net,Female,184.171.80.209
803,Sarina,Tilne,stilnema@samsung.com,Female,71.180.78.213
804,Demetris,Strugnell,dstrugnellmb@liveinternet.ru,Female,109.56.236.218
805,Merrie,Caitlin,mcaitlinmc@usnews.com,Female,117.247.38.207
806,Danni,Harback,dharbackmd@berkeley.edu,Female,229.106.92.194
807,Alleen,Mathey,amatheyme@google.pl,Female,51.93.30.59
808,Christiana,Petican,cpeticanmf@barnesandnoble.com,Female,251.97.250.92
809,Abigael,Suttill,asuttillmg@whitehouse.gov,Female,230.49.2.219
810,Murielle,Kindley,mkindleymh@comcast.net,Female,46.192.74.62
811,Lars,Hirthe,lhirthemi@ezinearticles.com,Male,82.48.232.225
812,Marion,Gerauld,mgerauldmj@state.gov,Genderfluid,243.168.49.254
813,Clementina,Burgiss,cburgissmk@macromedia.com,Female,83.32.192.183
814,Dyana,Marriot,dmarriotml@fema.gov,Female,42.229.67.17
815,Kristel,Coulsen,kcoulsenmm@usnews.com,Female,121.11.251.23
816,Dana,Carville,dcarvillemn@shinystat.com,Male,125.25.15.138
817,Cassy,Denyer,cdenyermo@slideshare.net,Female,152.13.181.253
818,Baldwin,Boothe,bboothemp@t-online.de,Male,32.104.134.224
819,Micky,Poge,mpogemq@nyu.edu,Polygender,109.93.183.207
820,Lorenza,Monger,lmongermr@bbb.org,Female,110.85.64.17
821,Freida,Sparkwell,fsparkwellms@sbwire.com,Female,59.47.7.171
822,Winnah,Ummfrey,wummfreymt@twitpic.com,Female,248.107.40.248
823,Linn,Bolles,lbollesmu@google.de,Male,36.16.61.214
824,Aluino,Willeman,awillemanmv@home.pl,Male,55.138.71.36
825,Cullin,Endley,cendleymw@instagram.com,Male,237.243.213.92
826,Willi,Dudden,wduddenmx@Jigem.jp,Female,187.51.58.54
827,Ian,Avory,iavorymy@discuz.net,Male,62.159.127.142
828,Ephrem,Dobinson,edobinsonmz@ocn.ne.jp,Male,112.4.125.33
829,Susette,Gerleit,sgerleitn0@flickr.com,Female,235.10.204.39
830,Emalia,Scintsbury,escintsburyn1@redcross.org,Female,197.201.14.163
831,Rhona,Zimek,rzimekn2@theguardian.com,Female,165.250.111.20
832,Reggie,Deluze,rdeluzen3@delicious.com,Male,160.77.105.12
833,Diarmid,Stoodale,dstoodalen4@engadget.com,Male,146.5.68.121
834,Caryl,Harcus,charcusn5@archive.org,Genderqueer,127.17.144.92
835,Norah,Medway,nmedwayn6@kickstarter.com,Female,156.130.71.114
836,Timothee,Blundin,tblundinn7@google.nl,Male,242.245.176.119
837,Celesta,Liddon,cliddonn8@ycombinator.com,Female,151.169.138.232
838,Welsh,Hussell,whusselln9@noaa.gov,Male,98.65.149.4
839,Adria,Soal,asoalna@vk.com,Female,88.176.68.94
840,Quinn,Lydster,qlydsternb@yandex.ru,Female,242.32.201.59
841,Leisha,Hargrave,lhargravenc@amazon.co.uk,Female,42.86.15.69
842,Van,Manders,vmandersnd@parallels.com,Female,178.194.150.71
843,Edie,Blowen,eblowenne@comsenz.com,Female,178.16.189.239
844,Haven,Crews,hcrewsnf@google.com.au,Male,242.38.198.144
845,Freddie,Harniman,fharnimanng@google.ru,Male,42.197.68.59
846,Even,Perrigo,eperrigonh@google.com.hk,Male,98.140.158.237
847,Sammie,Bulbeck,sbulbeckni@loc.gov,Male,240.214.71.138
848,Moe,Gidney,mgidneynj@newyorker.com,Male,164.226.136.8
849,Eula,Markos,emarkosnk@google.es,Female,208.126.27.212
850,Cory,Matczak,cmatczaknl@nba.com,Male,230.149.108.77
851,Olivette,Lehrmann,olehrmannnm@simplemachines.org,Female,181.243.154.211
852,Finley,Imore,fimorenn@topsy.com,Male,13.63.77.109
853,Fae,Bromehead,fbromeheadno@ibm.com,Female,92.138.240.69
854,Menard,Aharoni,maharoninp@hexun.com,Male,61.212.218.148
855,Ole,Tuckerman,otuckermannq@linkedin.com,Male,136.242.138.253
856,Gary,Coffey,gcoffeynr@state.gov,Male,145.117.154.180
857,Malvina,Planks,mplanksns@com.com,Female,65.135.78.112
858,Suzann,Hedney,shedneynt@ft.com,Female,163.189.86.244
859,Sara,Tather,stathernu@nbcnews.com,Female,247.13.192.80
860,Catrina,Cabbell,ccabbellnv@jigsy.com,Female,164.96.161.157
861,Trude,Thandi,tthandinw@stanford.edu,Female,211.148.58.187
862,Kristian,Middell,kmiddellnx@berkeley.edu,Male,21.71.206.236
863,Verina,Broader,vbroaderny@liveinternet.ru,Polygender,22.76.204.56
864,Mischa,Stoyell,mstoyellnz@reddit.com,Male,88.230.162.158
865,Cole,Youngs,cyoungso0@hud.gov,Male,162.147.43.126
866,Rolfe,Woodall,rwoodallo1@netscape.com,Male,17.215.18.156
867,Penni,Meecher,pmeechero2@people.com.cn,Female,54.124.131.228
868,Christophorus,Truggian,ctruggiano3@wp.com,Male,102.185.254.12
869,Dorrie,Inworth,dinwortho4@admin.ch,Female,248.15.165.244
870,Sheilakathryn,Kippin,skippino5@washington.edu,Female,143.22.162.141
871,Bevon,Wortt,bwortto6@europa.eu,Male,33.0.238.145
872,Gates,Abeles,gabeleso7@1688.com,Female,51.210.149.54
873,Manolo,Gibbie,mgibbieo8@gov.uk,Male,20.8.16.1
874,Doris,Crombleholme,dcrombleholmeo9@homestead.com,Female,147.36.14.243
875,Reena,Laetham,rlaethamoa@bigcartel.com,Genderqueer,233.223.89.205
876,Penelope,Evert,pevertob@google.com.hk,Female,164.247.166.116
877,Elisha,Laxston,elaxstonoc@java.com,Male,7.79.125.218
878,Jamie,Tremble,jtrembleod@blogger.com,Male,39.177.227.249
879,Paco,Lusted,plustedoe@alibaba.com,Male,45.56.81.54
880,Brigida,Gavrieli,bgavrieliof@utexas.edu,Female,188.219.179.234
881,Luce,Goschalk,lgoschalkog@slashdot.org,Female,234.11.149.49
882,Coleen,Bronger,cbrongeroh@hostgator.com,Female,224.1.129.206
883,Nicol,Marzelo,nmarzelooi@house.gov,Genderfluid,168.107.253.163
884,Isidor,Lipyeat,ilipyeatoj@google.es,Male,104.120.245.235
885,Deloris,Petracci,dpetracciok@youku.com,Female,191.142.179.214
886,Nannie,Aubrey,naubreyol@ocn.ne.jp,Female,243.185.250.245
887,Christyna,Cordoba,ccordobaom@ebay.com,Female,139.62.83.16
888,Noach,Kobes,nkobeson@illinois.edu,Male,196.106.47.68
889,Halimeda,Fydo,hfydooo@apple.com,Female,161.183.250.184
890,Norrie,Jennings,njenningsop@github.io,Bigender,56.246.111.44
891,Fidole,Mosedill,fmosedilloq@mayoclinic.com,Male,69.95.33.127
892,Emmeline,Fadian,efadianor@wikia.com,Female,146.46.167.232
893,Natty,Rolance,nrolanceos@facebook.com,Female,68.213.228.3
894,Carlita,Ivannikov,civannikovot@shareasale.com,Female,246.9.169.230
895,Granny,Marquand,gmarquandou@cisco.com,Male,225.255.230.147
896,Lucas,Cowdry,lcowdryov@deliciousdays.com,Male,165.229.189.100
897,Christel,Pyne,cpyneow@tiny.cc,Female,47.3.99.53
898,Corry,Deppe,cdeppeox@arizona.edu,Female,58.22.2.72
899,Melisse,Surgeon,msurgeonoy@biglobe.ne.jp,Female,64.116.249.163
900,Kelci,Mathen,kmathenoz@economist.com,Female,14.210.226.129
901,May,Pollen,mpollenp0@sina.com.cn,Female,10.105.5.53
902,Xaviera,Trundell,xtrundellp1@redcross.org,Female,17.189.90.65
903,Sharla,Crates,scratesp2@comcast.net,Agender,107.100.72.146
904,Alysa,Manginot,amanginotp3@virginia.edu,Female,56.119.24.143
905,Aron,Tarbert,atarbertp4@dell.com,Male,254.220.244.87
906,Christie,Kopman,ckopmanp5@moonfruit.com,Female,63.25.42.114
907,Patty,McCleary,pmcclearyp6@bandcamp.com,Male,84.215.160.252
908,Dukey,Strother,dstrotherp7@moonfruit.com,Polygender,177.75.35.40
909,Reggi,Dudlestone,rdudlestonep8@icio.us,Female,208.149.128.29
910,Reiko,Clissett,rclissettp9@netlog.com,Female,169.217.115.124
911,Brien,Fall,bfallpa@google.com.br,Male,167.137.116.249
912,Dalenna,Calbert,dcalbertpb@usnews.com,Female,175.146.249.14
913,Viviana,Whales,vwhalespc@telegraph.co.uk,Female,119.71.144.86
914,Karlis,Herrema,kherremapd@yale.edu,Male,225.113.126.195
915,Emerson,Janecek,ejanecekpe@reddit.com,Male,87.191.136.214
916,Sonni,Attack,sattackpf@cornell.edu,Genderfluid,18.201.47.207
917,Jeno,Steffans,jsteffanspg@seesaa.net,Non-binary,146.130.237.108
918,Lazare,Dougill,ldougillph@issuu.com,Male,168.139.241.1
919,Aurlie,Cavaney,acavaneypi@samsung.com,Female,40.178.24.7
920,Dal,Noonan,dnoonanpj@usgs.gov,Male,54.47.6.251
921,Vevay,Heffron,vheffronpk@salon.com,Genderfluid,47.194.74.140
922,Alvy,Montilla,amontillapl@posterous.com,Male,66.12.111.175
923,Robyn,Benardet,rbenardetpm@webeden.co.uk,Female,184.157.186.134
924,Cece,Whoston,cwhostonpn@kickstarter.com,Male,24.39.194.247
925,Lance,Salling,lsallingpo@reddit.com,Polygender,98.180.38.247
926,Wiley,Chomicki,wchomickipp@webmd.com,Male,222.3.29.246
927,Andy,Smardon,asmardonpq@e-recht24.de,Male,233.182.172.196
928,Byron,Winser,bwinserpr@springer.com,Male,179.218.153.154
929,Boycey,O'Crevy,bocrevyps@flavors.me,Male,95.45.131.255
930,Thomas,Morsley,tmorsleypt@imdb.com,Male,95.202.228.77
931,Samuele,Treverton,strevertonpu@netvibes.com,Male,33.188.148.81
932,Dick,Aaronsohn,daaronsohnpv@google.ca,Male,240.144.78.192
933,Alric,Maple,amaplepw@census.gov,Male,245.103.208.50
934,Jessa,Dodworth,jdodworthpx@elpais.com,Female,185.253.98.183
935,Idalina,Prangnell,iprangnellpy@cdbaby.com,Female,222.137.203.16
936,Shir,Newcome,snewcomepz@usda.gov,Female,203.134.202.5
937,Caitrin,Lamartine,clamartineq0@fc2.com,Female,134.200.149.50
938,Rivalee,Calveley,rcalveleyq1@nsw.gov.au,Female,202.150.20.207
939,Arlee,Mylchreest,amylchreestq2@prweb.com,Female,62.102.154.29
940,Michal,Coate,mcoateq3@arizona.edu,Female,109.104.181.197
941,Josy,Barkly,jbarklyq4@alibaba.com,Female,69.144.174.40
942,Raquel,Wildgoose,rwildgooseq5@shinystat.com,Female,190.26.55.15
943,Robinet,Helleker,rhellekerq6@icq.com,Female,247.73.233.174
944,Gertrudis,Burgin,gburginq7@psu.edu,Female,208.216.188.104
945,Keven,Neubigin,kneubiginq8@sfgate.com,Male,24.97.105.209
946,Edan,Whitcombe,ewhitcombeq9@blogspot.com,Male,170.239.204.114
947,Johnnie,Cockayne,jcockayneqa@trellian.com,Male,46.45.237.35
948,Gabie,Goulter,ggoulterqb@java.com,Male,224.252.81.216
949,Dario,Wozencraft,dwozencraftqc@europa.eu,Male,132.61.39.27
950,Teresina,Bartles,tbartlesqd@netvibes.com,Female,16.68.64.68
951,Burg,Peirson,bpeirsonqe@constantcontact.com,Male,77.191.5.174
952,Corrine,MacFadzean,cmacfadzeanqf@google.nl,Female,129.227.237.236
953,Bard,Texton,btextonqg@hubpages.com,Male,177.6.89.50
954,Findlay,Spybey,fspybeyqh@histats.com,Male,77.170.175.122
955,Heindrick,Oldknow,holdknowqi@google.pl,Male,102.109.28.59
956,Silvia,Daniells,sdaniellsqj@eepurl.com,Female,50.218.87.51
957,Valaria,Bielby,vbielbyqk@meetup.com,Polygender,113.198.78.104
958,Dwain,Geraghty,dgeraghtyql@wired.com,Male,241.18.187.28
959,Hettie,Banton,hbantonqm@sogou.com,Female,232.67.189.155
960,Aluin,Milne,amilneqn@php.net,Male,71.1.126.25
961,Cam,Macknish,cmacknishqo@google.es,Male,16.239.152.7
962,Beth,O'Loghlen,bologhlenqp@google.es,Female,169.227.6.62
963,Ringo,Bateson,rbatesonqq@nps.gov,Male,212.167.203.222
964,Sybila,Grimsdale,sgrimsdaleqr@tinyurl.com,Female,214.26.157.8
965,Almire,Darwin,adarwinqs@naver.com,Female,122.244.114.120
966,Merna,Padula,mpadulaqt@nsw.gov.au,Female,26.67.17.11
967,Silvain,Dexter,sdexterqu@symantec.com,Male,15.54.220.72
968,Clemmy,Luquet,cluquetqv@privacy.gov.au,Female,179.143.162.56
969,Elena,Slides,eslidesqw@csmonitor.com,Female,65.183.70.44
970,Ladonna,Gockelen,lgockelenqx@cnbc.com,Female,219.174.174.107
971,Regan,O'Dougherty,rodoughertyqy@51.la,Female,170.2.30.158
972,Renado,Astie,rastieqz@canalblog.com,Male,111.243.197.69
973,Eldredge,Langman,elangmanr0@omniture.com,Male,188.20.220.213
974,Antonie,Pagitt,apagittr1@chronoengine.com,Female,5.159.195.26
975,Kendal,Pohlke,kpohlker2@people.com.cn,Male,188.27.8.179
976,Lynnette,Alwell,lalwellr3@google.pl,Female,54.61.192.226
977,Dorian,Levey,dleveyr4@last.fm,Male,244.21.244.64
978,Carolina,Clarson,cclarsonr5@samsung.com,Female,12.71.213.91
979,Benedetta,Sessions,bsessionsr6@dion.ne.jp,Female,72.39.23.146
980,Lotty,Treher,ltreherr7@wix.com,Female,225.229.98.96
981,Flore,Javes,fjavesr8@netlog.com,Female,252.30.200.191
982,Emilia,Blewis,eblewisr9@shareasale.com,Female,65.245.132.191
983,Bartlett,Spira,bspirara@boston.com,Male,76.17.253.245
984,Tiebout,Clelle,tclellerb@shareasale.com,Polygender,172.220.135.3
985,Carri,Zaczek,czaczekrc@google.ru,Female,155.139.131.92
986,Sabrina,Coon,scoonrd@e-recht24.de,Female,159.21.109.27
987,Kate,Piotr,kpiotrre@sitemeter.com,Female,15.231.168.223
988,Albina,Eberlein,aeberleinrf@bravesites.com,Female,135.18.73.75
989,Terence,Bruhnsen,tbruhnsenrg@prnewswire.com,Male,135.211.152.216
990,Alphard,Whittock,awhittockrh@aol.com,Male,4.194.93.111
991,Bucky,Woodburn,bwoodburnri@hc360.com,Male,234.66.145.196
992,Tull,Frow,tfrowrj@gov.uk,Male,190.101.143.19
993,Carmen,Huggens,chuggensrk@goodreads.com,Female,126.95.31.161
994,Kleon,Demeza,kdemezarl@kickstarter.com,Male,51.171.83.218
995,Aylmer,Playle,aplaylerm@mail.ru,Male,236.21.199.231
996,Robina,Shorey,rshoreyrn@seesaa.net,Female,37.137.85.253
997,Jerrylee,Kettlestring,jkettlestringro@bravesites.com,Female,8.247.67.34
998,Lusa,Ritchings,lritchingsrp@godaddy.com,Female,199.25.85.155
999,Antonius,Oleksiak,aoleksiakrq@myspace.com,Male,22.2.174.28
1000,Tabatha,Sudlow,tsudlowrr@wikispaces.com,Female,116.184.179.219